{
  "n_users_scored": 2400,
  "merge_info": {
    "n_output_users": 2400,
    "n_internal_users": 2400,
    "n_common_users": 2400,
    "n_only_output": 0,
    "n_only_internal": 0
  },
  "thresholds": {
    "tx_d_out": 0.5937500000000001,
    "ty_d_in": 0.00552456237730186,
    "method": "2d_joint_otsu",
    "bins": 128,
    "objective_score": 0.05718814984879528,
    "tx_bin": 75,
    "ty_bin": 19,
    "x_min": 2.220446049250313e-16,
    "x_max": 1.0,
    "y_min": 0.0018638491064394786,
    "y_max": 0.025292414039958723
  },
  "global_stats": {
    "d_out": {
      "n": 2400,
      "mean": 0.6195052665304409,
      "std": 0.2820566530795923,
      "min": 2.220446049250313e-16,
      "p25": 0.4031551840323385,
      "median": 0.6307782751352815,
      "p75": 0.8801632106609553,
      "max": 1.0
    },
    "d_in": {
      "n": 2400,
      "mean": 0.009373443826200483,
      "std": 0.003578149533671604,
      "min": 0.0018638491064394786,
      "p25": 0.006870945887415325,
      "median": 0.008851153073924416,
      "p75": 0.011304923731371173,
      "max": 0.025292414039958723
    }
  },
  "quadrants": {
    "Q1": {
      "count": 105,
      "proportion": 0.04375,
      "d_out": {
        "n": 105,
        "mean": 0.7976316748109179,
        "std": 0.14174322149733493,
        "min": 0.5966470285052119,
        "p25": 0.6473216643147873,
        "median": 0.7787980896289777,
        "p75": 0.9582890148390434,
        "max": 1.0
      },
      "d_in": {
        "n": 105,
        "mean": 0.004730391388874728,
        "std": 0.0006771083798857307,
        "min": 0.002096857717402748,
        "p25": 0.004356677728106349,
        "median": 0.004883924567971503,
        "p75": 0.005292427548452459,
        "max": 0.005523204045322697
      }
    },
    "Q2": {
      "count": 1196,
      "proportion": 0.49833333333333335,
      "d_out": {
        "n": 1196,
        "mean": 0.8424742950934404,
        "std": 0.14090017538749255,
        "min": 0.5965584852231802,
        "p25": 0.7081743130811765,
        "median": 0.8675807203669559,
        "p75": 1.0,
        "max": 1.0
      },
      "d_in": {
        "n": 1196,
        "mean": 0.010504386888267127,
        "std": 0.0034552493551177513,
        "min": 0.005541029316331023,
        "p25": 0.007843766945379345,
        "median": 0.009866858750136154,
        "p75": 0.012214138729723318,
        "max": 0.025292414039958723
      }
    },
    "Q3": {
      "count": 178,
      "proportion": 0.07416666666666667,
      "d_out": {
        "n": 178,
        "mean": 0.2931106766211391,
        "std": 0.1770273353691357,
        "min": 2.220446049250313e-16,
        "p25": 0.13749924614452885,
        "median": 0.30306884809646495,
        "p75": 0.4291585401671447,
        "max": 0.5921193265525477
      },
      "d_in": {
        "n": 178,
        "mean": 0.004395171239612313,
        "std": 0.0008791289423869404,
        "min": 0.0018638491064394786,
        "p25": 0.0039359008838142475,
        "median": 0.004571199808755748,
        "p75": 0.0050955865126935136,
        "max": 0.005523272643002343
      }
    },
    "Q4": {
      "count": 921,
      "proportion": 0.38375,
      "d_out": {
        "n": 921,
        "mean": 0.3727343718214921,
        "std": 0.15336775727516072,
        "min": 2.220446049250313e-16,
        "p25": 0.26460491943163844,
        "median": 0.39902530572704653,
        "p75": 0.4999702443071459,
        "max": 0.5923189743754274
      },
      "d_in": {
        "n": 921,
        "mean": 0.009396294123811983,
        "std": 0.002957887695158981,
        "min": 0.005530024524089936,
        "p25": 0.007154290684275379,
        "median": 0.008752756281499935,
        "p75": 0.01100210691153249,
        "max": 0.024425067071747297
      }
    }
  },
  "quadrant_definition": {
    "Q1": "high output, low internal",
    "Q2": "high output, high internal",
    "Q3": "low output, low internal",
    "Q4": "low output, high internal"
  }
}