{
  "k": 10,
  "users_with_ranked_rows": 6040,
  "pairs_scored": 5363,
  "missing_split": 0,
  "missing_profile": 0,
  "missing_pair": 0,
  "parse_failed_skipped": 677,
  "rows_written_dev": 1075,
  "rows_written_eval": 4288,
  "catalog_sources": {
    "catalog_jsonl": "",
    "catalog_csv": "",
    "fallback_profiles_used": true
  },
  "title_resolution": {
    "total_titles_used_female": 53630,
    "total_titles_used_male": 53630,
    "total_resolved_female": 1390,
    "total_resolved_male": 1479,
    "total_unresolved_female": 52240,
    "total_unresolved_male": 52151,
    "unresolved_rate_female": 0.974081670706694,
    "unresolved_rate_male": 0.9724221517807198,
    "resolved_rate_female": 0.025918329293305984,
    "resolved_rate_male": 0.027577848219280252
  },
  "dev": {
    "match10_mean_strict": {
      "n": 1075,
      "mean": 0.025767441860465114,
      "std": 0.0740599496979972,
      "min": 0.0,
      "median": 0.0,
      "max": 0.7
    },
    "match10_mean_resolved": {
      "n": 1075,
      "mean": 0.1172093023255814,
      "std": 0.2680361445723089,
      "min": 0.0,
      "median": 0.0,
      "max": 1.0
    },
    "delta_match10_strict": {
      "n": 1075,
      "mean": 0.03144186046511628,
      "std": 0.09633886470346546,
      "min": 0.0,
      "median": 0.0,
      "max": 0.9
    },
    "delta_match10_resolved": {
      "n": 1075,
      "mean": 0.12651162790697673,
      "std": 0.33242508315604496,
      "min": 0.0,
      "median": 0.0,
      "max": 1.0
    }
  },
  "eval": {
    "match10_mean_strict": {
      "n": 4288,
      "mean": 0.026982276119402987,
      "std": 0.08229189981654511,
      "min": 0.0,
      "median": 0.0,
      "max": 0.9
    },
    "match10_mean_resolved": {
      "n": 4288,
      "mean": 0.12080223880597014,
      "std": 0.28217589728733583,
      "min": 0.0,
      "median": 0.0,
      "max": 1.0
    },
    "delta_match10_strict": {
      "n": 4288,
      "mean": 0.028031716417910447,
      "std": 0.09352970097363772,
      "min": 0.0,
      "median": 0.0,
      "max": 0.9
    },
    "delta_match10_resolved": {
      "n": 4288,
      "mean": 0.10634328358208955,
      "std": 0.30827648242944,
      "min": 0.0,
      "median": 0.0,
      "max": 1.0
    }
  }
}