{
  "n_users_scored": 4832,
  "merge_info": {
    "n_output_users": 4832,
    "n_internal_users": 4832,
    "n_common_users": 4832,
    "n_only_output": 0,
    "n_only_internal": 0
  },
  "thresholds": {
    "tx_d_out": 0.4531250000000001,
    "ty_d_in": 0.008185965723619909,
    "method": "2d_joint_otsu",
    "bins": 128,
    "objective_score": 0.074946196601759,
    "tx_bin": 57,
    "ty_bin": 26,
    "x_min": 2.220446049250313e-16,
    "x_max": 1.0,
    "y_min": 0.0006237734587310967,
    "y_max": 0.03647416641820398
  },
  "global_stats": {
    "d_out": {
      "n": 4832,
      "mean": 0.3142802992698487,
      "std": 0.311052661639619,
      "min": 2.220446049250313e-16,
      "p25": 0.06666973717892441,
      "median": 0.19445995648691394,
      "p75": 0.5383949905765171,
      "max": 1.0
    },
    "d_in": {
      "n": 4832,
      "mean": 0.006626596848896339,
      "std": 0.004720741463931368,
      "min": 0.0006237734587310967,
      "p25": 0.0031508852510991133,
      "median": 0.005140089155553147,
      "p75": 0.008854610525779523,
      "max": 0.03647416641820398
    }
  },
  "quadrants": {
    "Q1": {
      "count": 929,
      "proportion": 0.19225993377483444,
      "d_out": {
        "n": 929,
        "mean": 0.7707118160213873,
        "std": 0.1835675870057332,
        "min": 0.45759472967991777,
        "p25": 0.6385558011286181,
        "median": 0.6884819793186415,
        "p75": 1.0,
        "max": 1.0
      },
      "d_in": {
        "n": 929,
        "mean": 0.004069042024530075,
        "std": 0.0018121197234426732,
        "min": 0.000629010339723725,
        "p25": 0.002642295320237275,
        "median": 0.00381478260620966,
        "p75": 0.0053425689059367855,
        "max": 0.008150277982703437
      }
    },
    "Q2": {
      "count": 389,
      "proportion": 0.08050496688741722,
      "d_out": {
        "n": 389,
        "mean": 0.7421516251334657,
        "std": 0.18113228172472165,
        "min": 0.453299417935372,
        "p25": 0.6385558011286181,
        "median": 0.6385558011286181,
        "p75": 1.0,
        "max": 1.0
      },
      "d_in": {
        "n": 389,
        "mean": 0.012554146843420207,
        "std": 0.003640107444215434,
        "min": 0.008192725370507215,
        "p25": 0.00962293424917089,
        "median": 0.011607139001647417,
        "p75": 0.014502560851677195,
        "max": 0.026760172669832473
      }
    },
    "Q3": {
      "count": 2538,
      "proportion": 0.5252483443708609,
      "d_out": {
        "n": 2538,
        "mean": 0.13788498921556938,
        "std": 0.13095654832038267,
        "min": 2.220446049250313e-16,
        "p25": 0.022471058907135077,
        "median": 0.09736573043190966,
        "p75": 0.21617858568394513,
        "max": 0.4516794481923744
      },
      "d_in": {
        "n": 2538,
        "mean": 0.004210877341787664,
        "std": 0.0018466309573367473,
        "min": 0.0006237734587310967,
        "p25": 0.0027119310551804794,
        "median": 0.003918657463988834,
        "p75": 0.00558290648523096,
        "max": 0.00818499740627868
      }
    },
    "Q4": {
      "count": 976,
      "proportion": 0.20198675496688742,
      "d_out": {
        "n": 976,
        "mean": 0.16799389772746567,
        "std": 0.12524722081552436,
        "min": 2.220446049250313e-16,
        "p25": 0.06942285138445425,
        "median": 0.1461809195757815,
        "p75": 0.2693546280116884,
        "max": 0.4507572315159022
      },
      "d_in": {
        "n": 976,
        "mean": 0.01298033413681467,
        "std": 0.004157097739935435,
        "min": 0.00818747510832083,
        "p25": 0.009684849393985525,
        "median": 0.01186203986656736,
        "p75": 0.015429496220407932,
        "max": 0.03647416641820398
      }
    }
  },
  "quadrant_definition": {
    "Q1": "high output, low internal",
    "Q2": "high output, high internal",
    "Q3": "low output, low internal",
    "Q4": "low output, high internal"
  }
}