{
  "match_variant_used": "strict",
  "n_common_eval_users": 91,
  "merge_coverage": {
    "n_match_eval_users": 91,
    "n_output_eval_users": 100,
    "n_internal_eval_users": 100,
    "n_common_eval_users": 91,
    "n_only_match": 0,
    "n_only_output": 0,
    "n_only_internal": 0,
    "n_missing_in_output_for_three_way_merge": 0,
    "n_missing_in_internal_for_three_way_merge": 0,
    "n_missing_in_match_for_three_way_merge": 9
  },
  "merge_debug": {
    "note": "Specific user IDs are intentionally omitted from the summary for anonymized artifact release.",
    "n_only_match": 0,
    "n_only_output": 0,
    "n_only_internal": 0,
    "n_missing_in_output": 0,
    "n_missing_in_internal": 0,
    "n_missing_in_match": 9
  },
  "metrics": {
    "match10_mean": {
      "n": 91,
      "mean": 0.026373626373626374,
      "std": 0.06602557751999913,
      "min": 0.0,
      "median": 0.0,
      "max": 0.3
    },
    "match10_a": {
      "n": 91,
      "mean": 0.029670329670329672,
      "std": 0.0870701441298475,
      "min": 0.0,
      "median": 0.0,
      "max": 0.5
    },
    "match10_b": {
      "n": 91,
      "mean": 0.023076923076923078,
      "std": 0.061263120284687264,
      "min": 0.0,
      "median": 0.0,
      "max": 0.3
    },
    "delta_match10": {
      "n": 91,
      "mean": 0.01978021978021978,
      "std": 0.06988181580476768,
      "min": 0.0,
      "median": 0.0,
      "max": 0.5
    },
    "OBS": {
      "n": 91,
      "mean": 0.26514720159392463,
      "std": 0.2851436469522423,
      "min": 2.220446049250313e-16,
      "median": 0.1575880641156533,
      "max": 1.0
    },
    "IBS": {
      "n": 91,
      "mean": 0.006420371645856502,
      "std": 0.004757761421639892,
      "min": 0.000673386203030048,
      "median": 0.0045370557709758595,
      "max": 0.020676108527730767
    },
    "ROA_spearman": 0.09529085601376297
  },
  "table_strings": {
    "PrefMatch@10": "$0.026 \\\\pm 0.066$",
    "OBS": "$0.265 \\\\pm 0.285$",
    "IBS": "$0.006 \\\\pm 0.005$",
    "ROA": "0.095"
  }
}