{
  "seed": 1234,
  "max_iter": 2000,
  "C": 1.0,
  "cv_folds_requested": 5,
  "relative_layers": [
    0.25,
    0.5,
    0.75,
    1.0
  ],
  "layer_indices": [
    7,
    15,
    23,
    31
  ],
  "auc_dev_q1": 0.9998855587474234,
  "auc_dev_q2": 1.0,
  "auc_dev_q3": 0.9998012696811543,
  "auc_dev_q4": 0.9998485537915004,
  "sep_excess_over_chance": {
    "q1": 0.49988555874742335,
    "q2": 0.5,
    "q3": 0.49980126968115435,
    "q4": 0.4998485537915004
  },
  "weights": {
    "q1": 0.2500008567952431,
    "q2": 0.2500580907174803,
    "q3": 0.2499587024692839,
    "q4": 0.2499823500179927
  },
  "n_dev_rows": 2416,
  "n_dev_users_unique": 1208
}